Id;NIF;Habitacion;Cama;Fecha llamada;Fecha presencia;Estado
1;;1;1;2025-05-08 01:13:42;None;atendida
1;;1;1;2025-05-08 01:13:42;None;atendida
1;;1;1;2025-05-08 01:13:42;None;atendida
1;;1;1;2025-05-08 01:13:42;None;atendida
1;;1;1;2025-05-08 01:13:42;None;atendida
1;;1;1;2025-05-08 01:13:42;None;atendida
1;;1;1;2025-05-08 01:13:42;None;atendida
2;;1;2;2025-05-08 01:13:42;None;atendida
2;;1;2;2025-05-08 01:13:42;None;atendida
2;;1;2;2025-05-08 01:13:42;None;atendida
2;;1;2;2025-05-08 01:13:42;None;atendida
2;;1;2;2025-05-08 01:13:42;None;atendida
2;;1;2;2025-05-08 01:13:42;None;atendida
2;;1;2;2025-05-08 01:13:42;None;atendida
3;;2;3;2025-05-08 01:13:42;None;atendida
3;;2;3;2025-05-08 01:13:42;None;atendida
3;;2;3;2025-05-08 01:13:42;None;atendida
3;;2;3;2025-05-08 01:13:42;None;atendida
3;;2;3;2025-05-08 01:13:42;None;atendida
3;;2;3;2025-05-08 01:13:42;None;atendida
3;;2;3;2025-05-08 01:13:42;None;atendida
4;;2;4;2025-05-08 01:13:42;None;atendida
4;;2;4;2025-05-08 01:13:42;None;atendida
4;;2;4;2025-05-08 01:13:42;None;atendida
4;;2;4;2025-05-08 01:13:42;None;atendida
4;;2;4;2025-05-08 01:13:42;None;atendida
4;;2;4;2025-05-08 01:13:42;None;atendida
4;;2;4;2025-05-08 01:13:42;None;atendida
5;;3;5;2025-05-08 01:13:42;None;atendida
5;;3;5;2025-05-08 01:13:42;None;atendida
5;;3;5;2025-05-08 01:13:42;None;atendida
5;;3;5;2025-05-08 01:13:42;None;atendida
5;;3;5;2025-05-08 01:13:42;None;atendida
5;;3;5;2025-05-08 01:13:42;None;atendida
5;;3;5;2025-05-08 01:13:42;None;atendida
6;;3;6;2025-05-08 01:13:42;None;atendida
6;;3;6;2025-05-08 01:13:42;None;atendida
6;;3;6;2025-05-08 01:13:42;None;atendida
6;;3;6;2025-05-08 01:13:42;None;atendida
6;;3;6;2025-05-08 01:13:42;None;atendida
6;;3;6;2025-05-08 01:13:42;None;atendida
6;;3;6;2025-05-08 01:13:42;None;atendida
7;;4;7;2025-05-08 01:13:42;None;atendida
7;;4;7;2025-05-08 01:13:42;None;atendida
7;;4;7;2025-05-08 01:13:42;None;atendida
7;;4;7;2025-05-08 01:13:42;None;atendida
7;;4;7;2025-05-08 01:13:42;None;atendida
7;;4;7;2025-05-08 01:13:42;None;atendida
7;;4;7;2025-05-08 01:13:42;None;atendida
8;;4;8;2025-05-08 01:13:42;None;pendiente
8;;4;8;2025-05-08 01:13:42;None;pendiente
8;;4;8;2025-05-08 01:13:42;None;pendiente
8;;4;8;2025-05-08 01:13:42;None;pendiente
8;;4;8;2025-05-08 01:13:42;None;pendiente
8;;4;8;2025-05-08 01:13:42;None;pendiente
8;;4;8;2025-05-08 01:13:42;None;pendiente
9;;5;9;2025-05-08 01:13:42;None;pendiente
9;;5;9;2025-05-08 01:13:42;None;pendiente
9;;5;9;2025-05-08 01:13:42;None;pendiente
9;;5;9;2025-05-08 01:13:42;None;pendiente
9;;5;9;2025-05-08 01:13:42;None;pendiente
9;;5;9;2025-05-08 01:13:42;None;pendiente
9;;5;9;2025-05-08 01:13:42;None;pendiente
10;;5;10;2025-05-08 01:13:42;None;pendiente
10;;5;10;2025-05-08 01:13:42;None;pendiente
10;;5;10;2025-05-08 01:13:42;None;pendiente
10;;5;10;2025-05-08 01:13:42;None;pendiente
10;;5;10;2025-05-08 01:13:42;None;pendiente
10;;5;10;2025-05-08 01:13:42;None;pendiente
10;;5;10;2025-05-08 01:13:42;None;pendiente
11;;6;11;2025-05-08 01:13:42;None;pendiente
11;;6;11;2025-05-08 01:13:42;None;pendiente
11;;6;11;2025-05-08 01:13:42;None;pendiente
11;;6;11;2025-05-08 01:13:42;None;pendiente
11;;6;11;2025-05-08 01:13:42;None;pendiente
11;;6;11;2025-05-08 01:13:42;None;pendiente
11;;6;11;2025-05-08 01:13:42;None;pendiente
12;;6;12;2025-05-08 01:13:42;None;pendiente
12;;6;12;2025-05-08 01:13:42;None;pendiente
12;;6;12;2025-05-08 01:13:42;None;pendiente
12;;6;12;2025-05-08 01:13:42;None;pendiente
12;;6;12;2025-05-08 01:13:42;None;pendiente
12;;6;12;2025-05-08 01:13:42;None;pendiente
12;;6;12;2025-05-08 01:13:42;None;pendiente
13;;7;13;2025-05-08 01:13:42;None;pendiente
13;;7;13;2025-05-08 01:13:42;None;pendiente
13;;7;13;2025-05-08 01:13:42;None;pendiente
13;;7;13;2025-05-08 01:13:42;None;pendiente
13;;7;13;2025-05-08 01:13:42;None;pendiente
13;;7;13;2025-05-08 01:13:42;None;pendiente
13;;7;13;2025-05-08 01:13:42;None;pendiente
14;;7;14;2025-05-08 01:13:42;None;pendiente
14;;7;14;2025-05-08 01:13:42;None;pendiente
14;;7;14;2025-05-08 01:13:42;None;pendiente
14;;7;14;2025-05-08 01:13:42;None;pendiente
14;;7;14;2025-05-08 01:13:42;None;pendiente
14;;7;14;2025-05-08 01:13:42;None;pendiente
14;;7;14;2025-05-08 01:13:42;None;pendiente
15;;8;15;2025-05-08 01:13:42;None;pendiente
15;;8;15;2025-05-08 01:13:42;None;pendiente
15;;8;15;2025-05-08 01:13:42;None;pendiente
15;;8;15;2025-05-08 01:13:42;None;pendiente
15;;8;15;2025-05-08 01:13:42;None;pendiente
15;;8;15;2025-05-08 01:13:42;None;pendiente
15;;8;15;2025-05-08 01:13:42;None;pendiente
16;;8;16;2025-05-08 01:13:42;None;pendiente
16;;8;16;2025-05-08 01:13:42;None;pendiente
16;;8;16;2025-05-08 01:13:42;None;pendiente
16;;8;16;2025-05-08 01:13:42;None;pendiente
16;;8;16;2025-05-08 01:13:42;None;pendiente
16;;8;16;2025-05-08 01:13:42;None;pendiente
16;;8;16;2025-05-08 01:13:42;None;pendiente
17;;9;17;2025-05-08 01:13:42;None;pendiente
17;;9;17;2025-05-08 01:13:42;None;pendiente
17;;9;17;2025-05-08 01:13:42;None;pendiente
17;;9;17;2025-05-08 01:13:42;None;pendiente
17;;9;17;2025-05-08 01:13:42;None;pendiente
17;;9;17;2025-05-08 01:13:42;None;pendiente
17;;9;17;2025-05-08 01:13:42;None;pendiente
18;;9;18;2025-05-08 01:13:42;None;pendiente
18;;9;18;2025-05-08 01:13:42;None;pendiente
18;;9;18;2025-05-08 01:13:42;None;pendiente
18;;9;18;2025-05-08 01:13:42;None;pendiente
18;;9;18;2025-05-08 01:13:42;None;pendiente
18;;9;18;2025-05-08 01:13:42;None;pendiente
18;;9;18;2025-05-08 01:13:42;None;pendiente
19;;10;19;2025-05-08 01:13:42;None;pendiente
19;;10;19;2025-05-08 01:13:42;None;pendiente
19;;10;19;2025-05-08 01:13:42;None;pendiente
19;;10;19;2025-05-08 01:13:42;None;pendiente
19;;10;19;2025-05-08 01:13:42;None;pendiente
19;;10;19;2025-05-08 01:13:42;None;pendiente
19;;10;19;2025-05-08 01:13:42;None;pendiente
20;;10;20;2025-05-08 01:13:42;None;pendiente
20;;10;20;2025-05-08 01:13:42;None;pendiente
20;;10;20;2025-05-08 01:13:42;None;pendiente
20;;10;20;2025-05-08 01:13:42;None;pendiente
20;;10;20;2025-05-08 01:13:42;None;pendiente
20;;10;20;2025-05-08 01:13:42;None;pendiente
20;;10;20;2025-05-08 01:13:42;None;pendiente
21;;11;21;2025-05-08 01:13:42;None;atendida
21;;11;21;2025-05-08 01:13:42;None;atendida
21;;11;21;2025-05-08 01:13:42;None;atendida
21;;11;21;2025-05-08 01:13:42;None;atendida
21;;11;21;2025-05-08 01:13:42;None;atendida
21;;11;21;2025-05-08 01:13:42;None;atendida
21;;11;21;2025-05-08 01:13:42;None;atendida
22;;11;22;2025-05-08 01:13:42;None;atendida
22;;11;22;2025-05-08 01:13:42;None;atendida
22;;11;22;2025-05-08 01:13:42;None;atendida
22;;11;22;2025-05-08 01:13:42;None;atendida
22;;11;22;2025-05-08 01:13:42;None;atendida
22;;11;22;2025-05-08 01:13:42;None;atendida
22;;11;22;2025-05-08 01:13:42;None;atendida
23;;12;23;2025-05-08 01:13:42;None;atendida
23;;12;23;2025-05-08 01:13:42;None;atendida
23;;12;23;2025-05-08 01:13:42;None;atendida
23;;12;23;2025-05-08 01:13:42;None;atendida
23;;12;23;2025-05-08 01:13:42;None;atendida
23;;12;23;2025-05-08 01:13:42;None;atendida
23;;12;23;2025-05-08 01:13:42;None;atendida
24;;12;24;2025-05-08 01:13:42;None;atendida
24;;12;24;2025-05-08 01:13:42;None;atendida
24;;12;24;2025-05-08 01:13:42;None;atendida
24;;12;24;2025-05-08 01:13:42;None;atendida
24;;12;24;2025-05-08 01:13:42;None;atendida
24;;12;24;2025-05-08 01:13:42;None;atendida
24;;12;24;2025-05-08 01:13:42;None;atendida
25;;13;25;2025-05-08 01:13:42;None;atendida
25;;13;25;2025-05-08 01:13:42;None;atendida
25;;13;25;2025-05-08 01:13:42;None;atendida
25;;13;25;2025-05-08 01:13:42;None;atendida
25;;13;25;2025-05-08 01:13:42;None;atendida
25;;13;25;2025-05-08 01:13:42;None;atendida
25;;13;25;2025-05-08 01:13:42;None;atendida
26;;13;26;2025-05-08 01:13:42;None;pendiente
26;;13;26;2025-05-08 01:13:42;None;pendiente
26;;13;26;2025-05-08 01:13:42;None;pendiente
26;;13;26;2025-05-08 01:13:42;None;pendiente
26;;13;26;2025-05-08 01:13:42;None;pendiente
26;;13;26;2025-05-08 01:13:42;None;pendiente
26;;13;26;2025-05-08 01:13:42;None;pendiente
27;;14;27;2025-05-08 01:13:42;None;pendiente
27;;14;27;2025-05-08 01:13:42;None;pendiente
27;;14;27;2025-05-08 01:13:42;None;pendiente
27;;14;27;2025-05-08 01:13:42;None;pendiente
27;;14;27;2025-05-08 01:13:42;None;pendiente
27;;14;27;2025-05-08 01:13:42;None;pendiente
27;;14;27;2025-05-08 01:13:42;None;pendiente
28;;14;28;2025-05-08 01:13:42;None;pendiente
28;;14;28;2025-05-08 01:13:42;None;pendiente
28;;14;28;2025-05-08 01:13:42;None;pendiente
28;;14;28;2025-05-08 01:13:42;None;pendiente
28;;14;28;2025-05-08 01:13:42;None;pendiente
28;;14;28;2025-05-08 01:13:42;None;pendiente
28;;14;28;2025-05-08 01:13:42;None;pendiente
29;;15;29;2025-05-08 01:13:42;None;pendiente
29;;15;29;2025-05-08 01:13:42;None;pendiente
29;;15;29;2025-05-08 01:13:42;None;pendiente
29;;15;29;2025-05-08 01:13:42;None;pendiente
29;;15;29;2025-05-08 01:13:42;None;pendiente
29;;15;29;2025-05-08 01:13:42;None;pendiente
29;;15;29;2025-05-08 01:13:42;None;pendiente
30;;15;30;2025-05-08 01:13:42;None;pendiente
30;;15;30;2025-05-08 01:13:42;None;pendiente
30;;15;30;2025-05-08 01:13:42;None;pendiente
30;;15;30;2025-05-08 01:13:42;None;pendiente
30;;15;30;2025-05-08 01:13:42;None;pendiente
30;;15;30;2025-05-08 01:13:42;None;pendiente
30;;15;30;2025-05-08 01:13:42;None;pendiente
31;;16;31;2025-05-08 01:13:42;None;pendiente
31;;16;31;2025-05-08 01:13:42;None;pendiente
31;;16;31;2025-05-08 01:13:42;None;pendiente
31;;16;31;2025-05-08 01:13:42;None;pendiente
31;;16;31;2025-05-08 01:13:42;None;pendiente
31;;16;31;2025-05-08 01:13:42;None;pendiente
31;;16;31;2025-05-08 01:13:42;None;pendiente
32;;16;32;2025-05-08 01:13:42;None;pendiente
32;;16;32;2025-05-08 01:13:42;None;pendiente
32;;16;32;2025-05-08 01:13:42;None;pendiente
32;;16;32;2025-05-08 01:13:42;None;pendiente
32;;16;32;2025-05-08 01:13:42;None;pendiente
32;;16;32;2025-05-08 01:13:42;None;pendiente
32;;16;32;2025-05-08 01:13:42;None;pendiente
33;;17;33;2025-05-08 01:13:42;None;pendiente
33;;17;33;2025-05-08 01:13:42;None;pendiente
33;;17;33;2025-05-08 01:13:42;None;pendiente
33;;17;33;2025-05-08 01:13:42;None;pendiente
33;;17;33;2025-05-08 01:13:42;None;pendiente
33;;17;33;2025-05-08 01:13:42;None;pendiente
33;;17;33;2025-05-08 01:13:42;None;pendiente
34;;17;34;2025-05-08 01:13:42;None;pendiente
34;;17;34;2025-05-08 01:13:42;None;pendiente
34;;17;34;2025-05-08 01:13:42;None;pendiente
34;;17;34;2025-05-08 01:13:42;None;pendiente
34;;17;34;2025-05-08 01:13:42;None;pendiente
34;;17;34;2025-05-08 01:13:42;None;pendiente
34;;17;34;2025-05-08 01:13:42;None;pendiente
35;;18;35;2025-05-08 01:13:42;None;pendiente
35;;18;35;2025-05-08 01:13:42;None;pendiente
35;;18;35;2025-05-08 01:13:42;None;pendiente
35;;18;35;2025-05-08 01:13:42;None;pendiente
35;;18;35;2025-05-08 01:13:42;None;pendiente
35;;18;35;2025-05-08 01:13:42;None;pendiente
35;;18;35;2025-05-08 01:13:42;None;pendiente
36;;18;36;2025-05-08 01:13:42;None;pendiente
36;;18;36;2025-05-08 01:13:42;None;pendiente
36;;18;36;2025-05-08 01:13:42;None;pendiente
36;;18;36;2025-05-08 01:13:42;None;pendiente
36;;18;36;2025-05-08 01:13:42;None;pendiente
36;;18;36;2025-05-08 01:13:42;None;pendiente
36;;18;36;2025-05-08 01:13:42;None;pendiente
37;;19;37;2025-05-08 01:13:42;None;pendiente
37;;19;37;2025-05-08 01:13:42;None;pendiente
37;;19;37;2025-05-08 01:13:42;None;pendiente
37;;19;37;2025-05-08 01:13:42;None;pendiente
37;;19;37;2025-05-08 01:13:42;None;pendiente
37;;19;37;2025-05-08 01:13:42;None;pendiente
37;;19;37;2025-05-08 01:13:42;None;pendiente
38;;19;38;2025-05-08 01:13:42;None;pendiente
38;;19;38;2025-05-08 01:13:42;None;pendiente
38;;19;38;2025-05-08 01:13:42;None;pendiente
38;;19;38;2025-05-08 01:13:42;None;pendiente
38;;19;38;2025-05-08 01:13:42;None;pendiente
38;;19;38;2025-05-08 01:13:42;None;pendiente
38;;19;38;2025-05-08 01:13:42;None;pendiente
39;;20;39;2025-05-08 01:13:42;None;pendiente
39;;20;39;2025-05-08 01:13:42;None;pendiente
39;;20;39;2025-05-08 01:13:42;None;pendiente
39;;20;39;2025-05-08 01:13:42;None;pendiente
39;;20;39;2025-05-08 01:13:42;None;pendiente
39;;20;39;2025-05-08 01:13:42;None;pendiente
39;;20;39;2025-05-08 01:13:42;None;pendiente
40;;20;40;2025-05-08 01:13:42;None;pendiente
40;;20;40;2025-05-08 01:13:42;None;pendiente
40;;20;40;2025-05-08 01:13:42;None;pendiente
40;;20;40;2025-05-08 01:13:42;None;pendiente
40;;20;40;2025-05-08 01:13:42;None;pendiente
40;;20;40;2025-05-08 01:13:42;None;pendiente
40;;20;40;2025-05-08 01:13:42;None;pendiente
41;;21;41;2025-05-08 01:13:42;None;pendiente
41;;21;41;2025-05-08 01:13:42;None;pendiente
41;;21;41;2025-05-08 01:13:42;None;pendiente
41;;21;41;2025-05-08 01:13:42;None;pendiente
41;;21;41;2025-05-08 01:13:42;None;pendiente
41;;21;41;2025-05-08 01:13:42;None;pendiente
41;;21;41;2025-05-08 01:13:42;None;pendiente
42;;21;42;2025-05-08 01:13:42;None;pendiente
42;;21;42;2025-05-08 01:13:42;None;pendiente
42;;21;42;2025-05-08 01:13:42;None;pendiente
42;;21;42;2025-05-08 01:13:42;None;pendiente
42;;21;42;2025-05-08 01:13:42;None;pendiente
42;;21;42;2025-05-08 01:13:42;None;pendiente
42;;21;42;2025-05-08 01:13:42;None;pendiente
43;;22;43;2025-05-08 01:13:42;None;pendiente
43;;22;43;2025-05-08 01:13:42;None;pendiente
43;;22;43;2025-05-08 01:13:42;None;pendiente
43;;22;43;2025-05-08 01:13:42;None;pendiente
43;;22;43;2025-05-08 01:13:42;None;pendiente
43;;22;43;2025-05-08 01:13:42;None;pendiente
43;;22;43;2025-05-08 01:13:42;None;pendiente
44;;22;44;2025-05-08 01:13:42;None;pendiente
44;;22;44;2025-05-08 01:13:42;None;pendiente
44;;22;44;2025-05-08 01:13:42;None;pendiente
44;;22;44;2025-05-08 01:13:42;None;pendiente
44;;22;44;2025-05-08 01:13:42;None;pendiente
44;;22;44;2025-05-08 01:13:42;None;pendiente
44;;22;44;2025-05-08 01:13:42;None;pendiente
45;;23;45;2025-05-08 01:13:42;None;pendiente
45;;23;45;2025-05-08 01:13:42;None;pendiente
45;;23;45;2025-05-08 01:13:42;None;pendiente
45;;23;45;2025-05-08 01:13:42;None;pendiente
45;;23;45;2025-05-08 01:13:42;None;pendiente
45;;23;45;2025-05-08 01:13:42;None;pendiente
45;;23;45;2025-05-08 01:13:42;None;pendiente
46;;23;46;2025-05-08 01:13:42;None;pendiente
46;;23;46;2025-05-08 01:13:42;None;pendiente
46;;23;46;2025-05-08 01:13:42;None;pendiente
46;;23;46;2025-05-08 01:13:42;None;pendiente
46;;23;46;2025-05-08 01:13:42;None;pendiente
46;;23;46;2025-05-08 01:13:42;None;pendiente
46;;23;46;2025-05-08 01:13:42;None;pendiente
47;;24;47;2025-05-08 01:13:42;None;pendiente
47;;24;47;2025-05-08 01:13:42;None;pendiente
47;;24;47;2025-05-08 01:13:42;None;pendiente
47;;24;47;2025-05-08 01:13:42;None;pendiente
47;;24;47;2025-05-08 01:13:42;None;pendiente
47;;24;47;2025-05-08 01:13:42;None;pendiente
47;;24;47;2025-05-08 01:13:42;None;pendiente
48;;24;48;2025-05-08 01:13:42;None;pendiente
48;;24;48;2025-05-08 01:13:42;None;pendiente
48;;24;48;2025-05-08 01:13:42;None;pendiente
48;;24;48;2025-05-08 01:13:42;None;pendiente
48;;24;48;2025-05-08 01:13:42;None;pendiente
48;;24;48;2025-05-08 01:13:42;None;pendiente
48;;24;48;2025-05-08 01:13:42;None;pendiente
49;;25;49;2025-05-08 01:13:42;None;pendiente
49;;25;49;2025-05-08 01:13:42;None;pendiente
49;;25;49;2025-05-08 01:13:42;None;pendiente
49;;25;49;2025-05-08 01:13:42;None;pendiente
49;;25;49;2025-05-08 01:13:42;None;pendiente
49;;25;49;2025-05-08 01:13:42;None;pendiente
49;;25;49;2025-05-08 01:13:42;None;pendiente
50;;25;50;2025-05-08 01:13:42;None;pendiente
50;;25;50;2025-05-08 01:13:42;None;pendiente
50;;25;50;2025-05-08 01:13:42;None;pendiente
50;;25;50;2025-05-08 01:13:42;None;pendiente
50;;25;50;2025-05-08 01:13:42;None;pendiente
50;;25;50;2025-05-08 01:13:42;None;pendiente
50;;25;50;2025-05-08 01:13:42;None;pendiente
51;;26;51;2025-05-08 01:13:42;None;pendiente
51;;26;51;2025-05-08 01:13:42;None;pendiente
51;;26;51;2025-05-08 01:13:42;None;pendiente
51;;26;51;2025-05-08 01:13:42;None;pendiente
51;;26;51;2025-05-08 01:13:42;None;pendiente
51;;26;51;2025-05-08 01:13:42;None;pendiente
51;;26;51;2025-05-08 01:13:42;None;pendiente
52;;26;52;2025-05-08 01:13:42;None;pendiente
52;;26;52;2025-05-08 01:13:42;None;pendiente
52;;26;52;2025-05-08 01:13:42;None;pendiente
52;;26;52;2025-05-08 01:13:42;None;pendiente
52;;26;52;2025-05-08 01:13:42;None;pendiente
52;;26;52;2025-05-08 01:13:42;None;pendiente
52;;26;52;2025-05-08 01:13:42;None;pendiente
53;;27;53;2025-05-08 01:13:42;None;pendiente
53;;27;53;2025-05-08 01:13:42;None;pendiente
53;;27;53;2025-05-08 01:13:42;None;pendiente
53;;27;53;2025-05-08 01:13:42;None;pendiente
53;;27;53;2025-05-08 01:13:42;None;pendiente
53;;27;53;2025-05-08 01:13:42;None;pendiente
53;;27;53;2025-05-08 01:13:42;None;pendiente
54;;27;54;2025-05-08 01:13:42;None;pendiente
54;;27;54;2025-05-08 01:13:42;None;pendiente
54;;27;54;2025-05-08 01:13:42;None;pendiente
54;;27;54;2025-05-08 01:13:42;None;pendiente
54;;27;54;2025-05-08 01:13:42;None;pendiente
54;;27;54;2025-05-08 01:13:42;None;pendiente
54;;27;54;2025-05-08 01:13:42;None;pendiente
55;;28;55;2025-05-08 01:13:42;None;pendiente
55;;28;55;2025-05-08 01:13:42;None;pendiente
55;;28;55;2025-05-08 01:13:42;None;pendiente
55;;28;55;2025-05-08 01:13:42;None;pendiente
55;;28;55;2025-05-08 01:13:42;None;pendiente
55;;28;55;2025-05-08 01:13:42;None;pendiente
55;;28;55;2025-05-08 01:13:42;None;pendiente
56;;28;56;2025-05-08 01:13:42;None;pendiente
56;;28;56;2025-05-08 01:13:42;None;pendiente
56;;28;56;2025-05-08 01:13:42;None;pendiente
56;;28;56;2025-05-08 01:13:42;None;pendiente
56;;28;56;2025-05-08 01:13:42;None;pendiente
56;;28;56;2025-05-08 01:13:42;None;pendiente
56;;28;56;2025-05-08 01:13:42;None;pendiente
57;;29;57;2025-05-08 01:13:42;None;pendiente
57;;29;57;2025-05-08 01:13:42;None;pendiente
57;;29;57;2025-05-08 01:13:42;None;pendiente
57;;29;57;2025-05-08 01:13:42;None;pendiente
57;;29;57;2025-05-08 01:13:42;None;pendiente
57;;29;57;2025-05-08 01:13:42;None;pendiente
57;;29;57;2025-05-08 01:13:42;None;pendiente
58;;29;58;2025-05-08 01:13:42;None;pendiente
58;;29;58;2025-05-08 01:13:42;None;pendiente
58;;29;58;2025-05-08 01:13:42;None;pendiente
58;;29;58;2025-05-08 01:13:42;None;pendiente
58;;29;58;2025-05-08 01:13:42;None;pendiente
58;;29;58;2025-05-08 01:13:42;None;pendiente
58;;29;58;2025-05-08 01:13:42;None;pendiente
59;;30;59;2025-05-08 01:13:42;None;pendiente
59;;30;59;2025-05-08 01:13:42;None;pendiente
59;;30;59;2025-05-08 01:13:42;None;pendiente
59;;30;59;2025-05-08 01:13:42;None;pendiente
59;;30;59;2025-05-08 01:13:42;None;pendiente
59;;30;59;2025-05-08 01:13:42;None;pendiente
59;;30;59;2025-05-08 01:13:42;None;pendiente
60;;30;60;2025-05-08 01:13:42;None;pendiente
60;;30;60;2025-05-08 01:13:42;None;pendiente
60;;30;60;2025-05-08 01:13:42;None;pendiente
60;;30;60;2025-05-08 01:13:42;None;pendiente
60;;30;60;2025-05-08 01:13:42;None;pendiente
60;;30;60;2025-05-08 01:13:42;None;pendiente
60;;30;60;2025-05-08 01:13:42;None;pendiente
61;;31;61;2025-05-08 01:13:42;None;pendiente
61;;31;61;2025-05-08 01:13:42;None;pendiente
61;;31;61;2025-05-08 01:13:42;None;pendiente
61;;31;61;2025-05-08 01:13:42;None;pendiente
61;;31;61;2025-05-08 01:13:42;None;pendiente
61;;31;61;2025-05-08 01:13:42;None;pendiente
61;;31;61;2025-05-08 01:13:42;None;pendiente
62;;31;62;2025-05-08 01:13:42;None;pendiente
62;;31;62;2025-05-08 01:13:42;None;pendiente
62;;31;62;2025-05-08 01:13:42;None;pendiente
62;;31;62;2025-05-08 01:13:42;None;pendiente
62;;31;62;2025-05-08 01:13:42;None;pendiente
62;;31;62;2025-05-08 01:13:42;None;pendiente
62;;31;62;2025-05-08 01:13:42;None;pendiente
63;;32;63;2025-05-08 01:13:42;None;pendiente
63;;32;63;2025-05-08 01:13:42;None;pendiente
63;;32;63;2025-05-08 01:13:42;None;pendiente
63;;32;63;2025-05-08 01:13:42;None;pendiente
63;;32;63;2025-05-08 01:13:42;None;pendiente
63;;32;63;2025-05-08 01:13:42;None;pendiente
63;;32;63;2025-05-08 01:13:42;None;pendiente
64;;32;64;2025-05-08 01:13:42;None;pendiente
64;;32;64;2025-05-08 01:13:42;None;pendiente
64;;32;64;2025-05-08 01:13:42;None;pendiente
64;;32;64;2025-05-08 01:13:42;None;pendiente
64;;32;64;2025-05-08 01:13:42;None;pendiente
64;;32;64;2025-05-08 01:13:42;None;pendiente
64;;32;64;2025-05-08 01:13:42;None;pendiente
65;;33;65;2025-05-08 01:13:42;None;pendiente
65;;33;65;2025-05-08 01:13:42;None;pendiente
65;;33;65;2025-05-08 01:13:42;None;pendiente
65;;33;65;2025-05-08 01:13:42;None;pendiente
65;;33;65;2025-05-08 01:13:42;None;pendiente
65;;33;65;2025-05-08 01:13:42;None;pendiente
65;;33;65;2025-05-08 01:13:42;None;pendiente
66;;33;66;2025-05-08 01:13:42;None;pendiente
66;;33;66;2025-05-08 01:13:42;None;pendiente
66;;33;66;2025-05-08 01:13:42;None;pendiente
66;;33;66;2025-05-08 01:13:42;None;pendiente
66;;33;66;2025-05-08 01:13:42;None;pendiente
66;;33;66;2025-05-08 01:13:42;None;pendiente
66;;33;66;2025-05-08 01:13:42;None;pendiente
67;;34;67;2025-05-08 01:13:42;None;pendiente
67;;34;67;2025-05-08 01:13:42;None;pendiente
67;;34;67;2025-05-08 01:13:42;None;pendiente
67;;34;67;2025-05-08 01:13:42;None;pendiente
67;;34;67;2025-05-08 01:13:42;None;pendiente
67;;34;67;2025-05-08 01:13:42;None;pendiente
67;;34;67;2025-05-08 01:13:42;None;pendiente
68;;34;68;2025-05-08 01:13:42;None;pendiente
68;;34;68;2025-05-08 01:13:42;None;pendiente
68;;34;68;2025-05-08 01:13:42;None;pendiente
68;;34;68;2025-05-08 01:13:42;None;pendiente
68;;34;68;2025-05-08 01:13:42;None;pendiente
68;;34;68;2025-05-08 01:13:42;None;pendiente
68;;34;68;2025-05-08 01:13:42;None;pendiente
69;;35;69;2025-05-08 01:13:42;None;pendiente
69;;35;69;2025-05-08 01:13:42;None;pendiente
69;;35;69;2025-05-08 01:13:42;None;pendiente
69;;35;69;2025-05-08 01:13:42;None;pendiente
69;;35;69;2025-05-08 01:13:42;None;pendiente
69;;35;69;2025-05-08 01:13:42;None;pendiente
69;;35;69;2025-05-08 01:13:42;None;pendiente
70;;35;70;2025-05-08 01:13:42;None;pendiente
70;;35;70;2025-05-08 01:13:42;None;pendiente
70;;35;70;2025-05-08 01:13:42;None;pendiente
70;;35;70;2025-05-08 01:13:42;None;pendiente
70;;35;70;2025-05-08 01:13:42;None;pendiente
70;;35;70;2025-05-08 01:13:42;None;pendiente
70;;35;70;2025-05-08 01:13:42;None;pendiente
71;;36;71;2025-05-08 01:13:42;None;pendiente
71;;36;71;2025-05-08 01:13:42;None;pendiente
71;;36;71;2025-05-08 01:13:42;None;pendiente
71;;36;71;2025-05-08 01:13:42;None;pendiente
71;;36;71;2025-05-08 01:13:42;None;pendiente
71;;36;71;2025-05-08 01:13:42;None;pendiente
71;;36;71;2025-05-08 01:13:42;None;pendiente
72;;36;72;2025-05-08 01:13:42;None;pendiente
72;;36;72;2025-05-08 01:13:42;None;pendiente
72;;36;72;2025-05-08 01:13:42;None;pendiente
72;;36;72;2025-05-08 01:13:42;None;pendiente
72;;36;72;2025-05-08 01:13:42;None;pendiente
72;;36;72;2025-05-08 01:13:42;None;pendiente
72;;36;72;2025-05-08 01:13:42;None;pendiente
73;;37;73;2025-05-08 01:13:42;None;pendiente
73;;37;73;2025-05-08 01:13:42;None;pendiente
73;;37;73;2025-05-08 01:13:42;None;pendiente
73;;37;73;2025-05-08 01:13:42;None;pendiente
73;;37;73;2025-05-08 01:13:42;None;pendiente
73;;37;73;2025-05-08 01:13:42;None;pendiente
73;;37;73;2025-05-08 01:13:42;None;pendiente
74;;37;74;2025-05-08 01:13:42;None;pendiente
74;;37;74;2025-05-08 01:13:42;None;pendiente
74;;37;74;2025-05-08 01:13:42;None;pendiente
74;;37;74;2025-05-08 01:13:42;None;pendiente
74;;37;74;2025-05-08 01:13:42;None;pendiente
74;;37;74;2025-05-08 01:13:42;None;pendiente
74;;37;74;2025-05-08 01:13:42;None;pendiente
75;;38;75;2025-05-08 01:13:42;None;pendiente
75;;38;75;2025-05-08 01:13:42;None;pendiente
75;;38;75;2025-05-08 01:13:42;None;pendiente
75;;38;75;2025-05-08 01:13:42;None;pendiente
75;;38;75;2025-05-08 01:13:42;None;pendiente
75;;38;75;2025-05-08 01:13:42;None;pendiente
75;;38;75;2025-05-08 01:13:42;None;pendiente
76;;38;76;2025-05-08 01:13:42;None;pendiente
76;;38;76;2025-05-08 01:13:42;None;pendiente
76;;38;76;2025-05-08 01:13:42;None;pendiente
76;;38;76;2025-05-08 01:13:42;None;pendiente
76;;38;76;2025-05-08 01:13:42;None;pendiente
76;;38;76;2025-05-08 01:13:42;None;pendiente
76;;38;76;2025-05-08 01:13:42;None;pendiente
77;;39;77;2025-05-08 01:13:42;None;pendiente
77;;39;77;2025-05-08 01:13:42;None;pendiente
77;;39;77;2025-05-08 01:13:42;None;pendiente
77;;39;77;2025-05-08 01:13:42;None;pendiente
77;;39;77;2025-05-08 01:13:42;None;pendiente
77;;39;77;2025-05-08 01:13:42;None;pendiente
77;;39;77;2025-05-08 01:13:42;None;pendiente
78;;39;78;2025-05-08 01:13:42;None;pendiente
78;;39;78;2025-05-08 01:13:42;None;pendiente
78;;39;78;2025-05-08 01:13:42;None;pendiente
78;;39;78;2025-05-08 01:13:42;None;pendiente
78;;39;78;2025-05-08 01:13:42;None;pendiente
78;;39;78;2025-05-08 01:13:42;None;pendiente
78;;39;78;2025-05-08 01:13:42;None;pendiente
79;;40;79;2025-05-08 01:13:42;None;pendiente
79;;40;79;2025-05-08 01:13:42;None;pendiente
79;;40;79;2025-05-08 01:13:42;None;pendiente
79;;40;79;2025-05-08 01:13:42;None;pendiente
79;;40;79;2025-05-08 01:13:42;None;pendiente
79;;40;79;2025-05-08 01:13:42;None;pendiente
79;;40;79;2025-05-08 01:13:42;None;pendiente
80;;40;80;2025-05-08 01:13:42;None;pendiente
80;;40;80;2025-05-08 01:13:42;None;pendiente
80;;40;80;2025-05-08 01:13:42;None;pendiente
80;;40;80;2025-05-08 01:13:42;None;pendiente
80;;40;80;2025-05-08 01:13:42;None;pendiente
80;;40;80;2025-05-08 01:13:42;None;pendiente
80;;40;80;2025-05-08 01:13:42;None;pendiente
81;;41;81;2025-05-08 01:13:42;None;pendiente
81;;41;81;2025-05-08 01:13:42;None;pendiente
81;;41;81;2025-05-08 01:13:42;None;pendiente
81;;41;81;2025-05-08 01:13:42;None;pendiente
81;;41;81;2025-05-08 01:13:42;None;pendiente
81;;41;81;2025-05-08 01:13:42;None;pendiente
81;;41;81;2025-05-08 01:13:42;None;pendiente
82;;41;82;2025-05-08 01:13:42;None;pendiente
82;;41;82;2025-05-08 01:13:42;None;pendiente
82;;41;82;2025-05-08 01:13:42;None;pendiente
82;;41;82;2025-05-08 01:13:42;None;pendiente
82;;41;82;2025-05-08 01:13:42;None;pendiente
82;;41;82;2025-05-08 01:13:42;None;pendiente
82;;41;82;2025-05-08 01:13:42;None;pendiente
83;;42;83;2025-05-08 01:13:42;None;pendiente
83;;42;83;2025-05-08 01:13:42;None;pendiente
83;;42;83;2025-05-08 01:13:42;None;pendiente
83;;42;83;2025-05-08 01:13:42;None;pendiente
83;;42;83;2025-05-08 01:13:42;None;pendiente
83;;42;83;2025-05-08 01:13:42;None;pendiente
83;;42;83;2025-05-08 01:13:42;None;pendiente
84;;42;84;2025-05-08 01:13:42;None;pendiente
84;;42;84;2025-05-08 01:13:42;None;pendiente
84;;42;84;2025-05-08 01:13:42;None;pendiente
84;;42;84;2025-05-08 01:13:42;None;pendiente
84;;42;84;2025-05-08 01:13:42;None;pendiente
84;;42;84;2025-05-08 01:13:42;None;pendiente
84;;42;84;2025-05-08 01:13:42;None;pendiente
85;;43;85;2025-05-08 01:13:42;None;pendiente
85;;43;85;2025-05-08 01:13:42;None;pendiente
85;;43;85;2025-05-08 01:13:42;None;pendiente
85;;43;85;2025-05-08 01:13:42;None;pendiente
85;;43;85;2025-05-08 01:13:42;None;pendiente
85;;43;85;2025-05-08 01:13:42;None;pendiente
85;;43;85;2025-05-08 01:13:42;None;pendiente
86;;43;86;2025-05-08 01:13:42;None;pendiente
86;;43;86;2025-05-08 01:13:42;None;pendiente
86;;43;86;2025-05-08 01:13:42;None;pendiente
86;;43;86;2025-05-08 01:13:42;None;pendiente
86;;43;86;2025-05-08 01:13:42;None;pendiente
86;;43;86;2025-05-08 01:13:42;None;pendiente
86;;43;86;2025-05-08 01:13:42;None;pendiente
87;;44;87;2025-05-08 01:13:42;None;pendiente
87;;44;87;2025-05-08 01:13:42;None;pendiente
87;;44;87;2025-05-08 01:13:42;None;pendiente
87;;44;87;2025-05-08 01:13:42;None;pendiente
87;;44;87;2025-05-08 01:13:42;None;pendiente
87;;44;87;2025-05-08 01:13:42;None;pendiente
87;;44;87;2025-05-08 01:13:42;None;pendiente
88;;44;88;2025-05-08 01:13:42;None;pendiente
88;;44;88;2025-05-08 01:13:42;None;pendiente
88;;44;88;2025-05-08 01:13:42;None;pendiente
88;;44;88;2025-05-08 01:13:42;None;pendiente
88;;44;88;2025-05-08 01:13:42;None;pendiente
88;;44;88;2025-05-08 01:13:42;None;pendiente
88;;44;88;2025-05-08 01:13:42;None;pendiente
89;;45;89;2025-05-08 01:13:42;None;pendiente
89;;45;89;2025-05-08 01:13:42;None;pendiente
89;;45;89;2025-05-08 01:13:42;None;pendiente
89;;45;89;2025-05-08 01:13:42;None;pendiente
89;;45;89;2025-05-08 01:13:42;None;pendiente
89;;45;89;2025-05-08 01:13:42;None;pendiente
89;;45;89;2025-05-08 01:13:42;None;pendiente
90;;45;90;2025-05-08 01:13:42;None;pendiente
90;;45;90;2025-05-08 01:13:42;None;pendiente
90;;45;90;2025-05-08 01:13:42;None;pendiente
90;;45;90;2025-05-08 01:13:42;None;pendiente
90;;45;90;2025-05-08 01:13:42;None;pendiente
90;;45;90;2025-05-08 01:13:42;None;pendiente
90;;45;90;2025-05-08 01:13:42;None;pendiente
91;;46;91;2025-05-08 01:13:42;None;pendiente
91;;46;91;2025-05-08 01:13:42;None;pendiente
91;;46;91;2025-05-08 01:13:42;None;pendiente
91;;46;91;2025-05-08 01:13:42;None;pendiente
91;;46;91;2025-05-08 01:13:42;None;pendiente
91;;46;91;2025-05-08 01:13:42;None;pendiente
91;;46;91;2025-05-08 01:13:42;None;pendiente
92;;46;92;2025-05-08 01:13:42;None;pendiente
92;;46;92;2025-05-08 01:13:42;None;pendiente
92;;46;92;2025-05-08 01:13:42;None;pendiente
92;;46;92;2025-05-08 01:13:42;None;pendiente
92;;46;92;2025-05-08 01:13:42;None;pendiente
92;;46;92;2025-05-08 01:13:42;None;pendiente
92;;46;92;2025-05-08 01:13:42;None;pendiente
93;;47;93;2025-05-08 01:13:42;None;pendiente
93;;47;93;2025-05-08 01:13:42;None;pendiente
93;;47;93;2025-05-08 01:13:42;None;pendiente
93;;47;93;2025-05-08 01:13:42;None;pendiente
93;;47;93;2025-05-08 01:13:42;None;pendiente
93;;47;93;2025-05-08 01:13:42;None;pendiente
93;;47;93;2025-05-08 01:13:42;None;pendiente
94;;47;94;2025-05-08 01:13:42;None;pendiente
94;;47;94;2025-05-08 01:13:42;None;pendiente
94;;47;94;2025-05-08 01:13:42;None;pendiente
94;;47;94;2025-05-08 01:13:42;None;pendiente
94;;47;94;2025-05-08 01:13:42;None;pendiente
94;;47;94;2025-05-08 01:13:42;None;pendiente
94;;47;94;2025-05-08 01:13:42;None;pendiente
95;;48;95;2025-05-08 01:13:42;None;pendiente
95;;48;95;2025-05-08 01:13:42;None;pendiente
95;;48;95;2025-05-08 01:13:42;None;pendiente
95;;48;95;2025-05-08 01:13:42;None;pendiente
95;;48;95;2025-05-08 01:13:42;None;pendiente
95;;48;95;2025-05-08 01:13:42;None;pendiente
95;;48;95;2025-05-08 01:13:42;None;pendiente
96;;48;96;2025-05-08 01:13:42;None;pendiente
96;;48;96;2025-05-08 01:13:42;None;pendiente
96;;48;96;2025-05-08 01:13:42;None;pendiente
96;;48;96;2025-05-08 01:13:42;None;pendiente
96;;48;96;2025-05-08 01:13:42;None;pendiente
96;;48;96;2025-05-08 01:13:42;None;pendiente
96;;48;96;2025-05-08 01:13:42;None;pendiente
97;;49;97;2025-05-08 01:13:42;None;pendiente
97;;49;97;2025-05-08 01:13:42;None;pendiente
97;;49;97;2025-05-08 01:13:42;None;pendiente
97;;49;97;2025-05-08 01:13:42;None;pendiente
97;;49;97;2025-05-08 01:13:42;None;pendiente
97;;49;97;2025-05-08 01:13:42;None;pendiente
97;;49;97;2025-05-08 01:13:42;None;pendiente
98;;49;98;2025-05-08 01:13:42;None;pendiente
98;;49;98;2025-05-08 01:13:42;None;pendiente
98;;49;98;2025-05-08 01:13:42;None;pendiente
98;;49;98;2025-05-08 01:13:42;None;pendiente
98;;49;98;2025-05-08 01:13:42;None;pendiente
98;;49;98;2025-05-08 01:13:42;None;pendiente
98;;49;98;2025-05-08 01:13:42;None;pendiente
99;;50;99;2025-05-08 01:13:42;None;pendiente
99;;50;99;2025-05-08 01:13:42;None;pendiente
99;;50;99;2025-05-08 01:13:42;None;pendiente
99;;50;99;2025-05-08 01:13:42;None;pendiente
99;;50;99;2025-05-08 01:13:42;None;pendiente
99;;50;99;2025-05-08 01:13:42;None;pendiente
99;;50;99;2025-05-08 01:13:42;None;pendiente
100;;50;100;2025-05-08 01:13:42;None;pendiente
100;;50;100;2025-05-08 01:13:42;None;pendiente
100;;50;100;2025-05-08 01:13:42;None;pendiente
100;;50;100;2025-05-08 01:13:42;None;pendiente
100;;50;100;2025-05-08 01:13:42;None;pendiente
100;;50;100;2025-05-08 01:13:42;None;pendiente
100;;50;100;2025-05-08 01:13:42;None;pendiente
